 ip.proto, ip.itl, ip.ttl, ip.len, ip.id/udp/tcp.sport, udp.len/tcp.window, label,type
17,5,255,140,46446,5353,120,1
2,6,1,32,52060,0,0,1
17,5,255,140,29082,5353,120,1
17,5,255,140,30373,5353,120,1
17,5,255,181,2217,5353,161,1
2,6,1,32,678,0,0,1
17,5,255,181,47414,5353,161,1
17,5,255,181,41735,5353,161,1
17,5,255,140,51151,5353,120,1
17,5,255,237,64063,5353,217,1
17,5,255,399,8024,5353,379,1
17,5,255,399,10206,5353,379,1
17,5,255,237,8720,5353,217,1
17,5,255,159,56739,5353,139,1
17,5,255,399,51773,5353,379,1
17,5,1,167,14154,57178,147,1
17,5,255,159,63504,5353,139,1
2,6,1,32,4180,0,0,1
17,5,255,159,53654,5353,139,1
17,5,255,130,33265,5353,110,1
17,5,1,167,13851,60911,147,1
17,5,1,167,19155,57178,147,1
17,5,255,333,6901,5353,313,1
2,6,1,32,63569,0,0,1
17,5,255,140,24470,5353,120,2
2,6,1,32,29526,0,0,2
17,5,255,140,44271,5353,120,2
17,5,255,140,11305,5353,120,2
17,5,255,140,1455,5353,120,2
2,6,1,32,23635,0,0,2
17,5,255,140,50531,5353,120,2
17,5,255,140,28859,5353,120,2
17,5,2,202,19047,1187,182,2
17,5,2,202,61579,3844,182,2
17,5,2,202,6331,1187,182,2
17,5,2,202,58117,3844,182,2
17,5,2,202,37087,1187,182,2
17,5,2,202,9727,3844,182,2
17,5,2,202,9497,3844,182,2
17,5,2,202,24486,3844,182,2
17,5,255,140,12855,5353,120,2
17,5,2,202,15466,3844,182,2
17,5,2,202,45522,3844,182,2
17,5,2,202,20506,3844,182,2
17,5,2,202,13332,3844,182,2
17,5,2,202,47387,3844,182,2
17,5,2,202,29007,3844,182,2
17,5,1,167,61043,30367,147,2
17,5,2,202,64299,3844,182,2
17,5,2,202,23426,3844,182,2
17,5,2,202,59630,3844,182,2
17,5,2,202,60046,3844,182,2
17,5,2,202,39776,3844,182,2
17,5,2,202,13654,3844,182,2
17,5,255,140,46988,5353,120,2
17,5,2,202,53325,3844,182,2
17,5,2,202,48158,3844,182,2
17,5,2,202,6640,3844,182,2
17,5,2,202,57387,3844,182,2
17,5,2,202,38933,3844,182,2
17,5,2,202,22224,3844,182,2
17,5,2,202,59162,3844,182,2
17,5,2,202,19815,3844,182,2
17,5,2,202,40927,3844,182,2
17,5,2,202,61982,3844,182,2
17,5,2,202,49445,3844,182,2
17,5,2,202,26995,3844,182,2
17,5,2,202,59360,3844,182,2
17,5,2,202,35487,3844,182,2
17,5,2,202,8955,3844,182,2
17,5,2,202,60482,3844,182,2
17,5,2,202,14201,3844,182,2
17,5,2,202,63879,3844,182,2
17,5,2,202,48879,3844,182,2
17,5,2,202,53975,3844,182,2
17,5,2,202,62424,3844,182,2
17,5,2,202,48456,3844,182,2
17,5,2,202,14426,3844,182,2
17,5,2,202,5124,3844,182,2
2,6,1,32,13939,0,0,2
17,5,2,202,63031,3844,182,2
17,5,2,202,64930,3844,182,2
17,5,2,202,61705,3844,182,2
17,5,2,202,45485,3844,182,2
17,5,2,202,52970,3844,182,2
17,5,2,202,52291,3844,182,2
17,5,2,202,63420,3844,182,2
17,5,2,202,3784,3844,182,2
17,5,2,202,31688,3844,182,2
17,5,2,202,46722,3844,182,2
17,5,2,202,31213,3844,182,2
17,5,2,202,35999,3844,182,2
17,5,2,202,42682,3844,182,2
17,5,2,202,5403,3844,182,2
17,5,2,202,48275,3844,182,2
17,5,2,202,24489,3844,182,2
17,5,2,202,42215,3844,182,2
17,5,2,202,59527,3844,182,2
17,5,2,202,9588,3844,182,2
17,5,2,202,45513,3844,182,2
17,5,2,202,44500,3844,182,2
17,5,2,202,27616,3844,182,2
17,5,2,202,22921,3844,182,2
17,5,2,202,34795,3844,182,2
17,5,2,202,46770,3844,182,2
17,5,2,202,63786,3844,182,2
17,5,2,202,36640,3844,182,2
17,5,2,202,12608,3844,182,2
17,5,2,202,20818,3844,182,2
17,5,2,202,16646,3844,182,2
17,5,2,202,50696,3844,182,2
17,5,2,202,42487,3844,182,2
17,5,2,202,32717,3844,182,2
17,5,2,202,48272,3844,182,2
17,5,2,202,54027,3844,182,2
17,5,2,202,53105,3844,182,2
17,5,2,202,28865,3844,182,2
17,5,2,202,45653,3844,182,2
17,5,2,202,45823,3844,182,2
17,5,2,202,11055,3844,182,2
17,5,2,202,28430,3844,182,2
17,5,2,202,7461,3844,182,2
17,5,2,202,10298,3844,182,2
17,5,2,202,18128,3844,182,2
17,5,2,202,47525,3844,182,2
2,6,1,32,58941,0,0,2
17,5,2,202,13585,3844,182,2
17,5,2,202,42282,3844,182,2
17,5,2,202,26452,3844,182,2
17,5,2,202,22973,3844,182,2
17,5,2,202,60776,3844,182,2
17,5,2,202,64680,3844,182,2
17,5,2,202,22440,3844,182,2
17,5,2,202,31993,3844,182,2
17,5,2,202,57746,3844,182,2
17,5,2,202,4276,3844,182,2
17,5,2,202,41369,3844,182,2
17,5,2,202,33038,3844,182,2
17,5,2,202,40307,3844,182,2
17,5,2,202,24947,3844,182,2
17,5,2,202,57294,3844,182,2
17,5,2,202,6919,3844,182,2
17,5,2,202,42769,3844,182,2
17,5,2,202,10788,3844,182,2
17,5,2,202,31526,3844,182,2
17,5,2,202,41263,3844,182,2
17,5,2,202,55473,3844,182,2
17,5,2,202,40418,3844,182,2
17,5,2,202,22890,3844,182,2
17,5,2,202,24200,3844,182,2
17,5,2,202,4761,3844,182,2
17,5,2,202,20305,3844,182,2
17,5,2,202,36894,3844,182,2
17,5,2,202,28593,3844,182,2
17,5,2,202,23810,3844,182,2
17,5,2,202,54352,3844,182,2
17,5,2,202,8721,3844,182,2
17,5,2,202,31019,3844,182,2
17,5,2,202,53586,3844,182,2
17,5,2,202,54260,3844,182,2
17,5,2,202,9630,3844,182,2
17,5,2,202,36695,3844,182,2
17,5,2,202,49129,3844,182,2
17,5,2,202,34077,3844,182,2
17,5,2,202,45097,3844,182,2
17,5,2,202,33903,3844,182,2
17,5,2,202,48664,3844,182,2
17,5,2,202,36020,5740,182,2
17,5,2,202,41762,9297,182,2
17,5,2,202,1266,5740,182,2
17,5,2,202,41632,9297,182,2
17,5,2,202,61476,5740,182,2
17,5,2,202,45040,9297,182,2
17,5,2,202,40331,5740,182,2
17,5,2,202,55912,5740,182,2
17,5,2,202,10491,5740,182,2
17,5,2,202,1939,5740,182,2
17,5,2,202,6444,5740,182,2
17,5,2,202,35294,5740,182,2
17,5,2,202,36603,5740,182,2
17,5,2,202,33489,5740,182,2
17,5,2,202,7482,5740,182,2
17,5,2,202,48757,5740,182,2
17,5,2,202,22434,5740,182,2
17,5,2,202,31353,5740,182,2
17,5,2,202,23470,5740,182,2
17,5,2,202,8897,5740,182,2
17,5,2,202,57939,5740,182,2
17,5,2,202,65338,5740,182,2
17,5,2,202,43064,5740,182,2
17,5,2,202,18523,5740,182,2
17,5,2,202,37467,5740,182,2
17,5,2,202,33242,5740,182,2
2,6,1,32,26948,0,0,2
17,5,1,149,48553,53204,129,3
17,5,1,149,49384,53204,129,3
17,5,1,149,50462,53204,129,3
17,5,64,49,54562,60002,29,3
17,5,64,49,54563,60002,29,3
17,5,64,49,54564,60002,29,3
17,5,64,49,54565,60002,29,3
17,5,64,49,54566,60002,29,3
17,5,64,49,54567,60002,29,3
17,5,64,49,54568,60002,29,3
17,5,64,49,54569,60002,29,3
17,5,64,49,54570,60002,29,3
17,5,64,49,54571,60002,29,3
17,5,1,149,51454,53204,129,3
17,5,1,149,52218,53204,129,3
17,5,1,149,52311,53204,129,3
17,5,1,149,52385,53204,129,3
17,5,1,149,53312,53204,129,3
17,5,1,149,53956,53204,129,3
17,5,1,149,54200,53204,129,3
17,5,1,149,54454,53204,129,3
17,5,1,149,54782,53204,129,3
17,5,1,149,55787,53204,129,3
17,5,1,149,56177,53204,129,3
17,5,64,49,57499,60002,29,3
17,5,64,49,57500,60002,29,3
17,5,64,49,57501,60002,29,3
17,5,64,49,57502,60002,29,3
17,5,64,49,57503,60002,29,3
17,5,64,49,57504,60002,29,3
17,5,64,49,57505,60002,29,3
17,5,64,49,57506,60002,29,3
17,5,64,49,57507,60002,29,3
17,5,64,49,57508,60002,29,3
17,5,1,149,57133,53204,129,3
17,5,1,149,57935,53204,129,3
17,5,1,149,58965,53204,129,3
17,5,1,149,59166,53204,129,3
17,5,1,149,59833,53204,129,3
17,5,1,149,60988,53204,129,3
17,5,1,149,62260,53204,129,3
17,5,1,149,63204,53204,129,3
17,5,1,149,63893,53204,129,3
17,5,1,149,64145,53204,129,3
17,5,1,149,64738,53204,129,3
17,5,1,149,65300,53204,129,3
17,5,1,149,173,53204,129,3
17,5,1,149,1145,53204,129,3
17,5,1,149,1391,53204,129,3
17,5,1,149,1537,53204,129,3
17,5,1,149,2611,53204,129,3
17,5,128,75,44609,4011,55,4
17,5,128,60,6573,61705,40,4
17,5,128,75,44610,4011,55,4
17,5,128,75,44611,4011,55,4
17,5,128,75,44612,4011,55,4
17,5,128,75,44613,4011,55,4
17,5,128,75,44614,4011,55,4
17,5,128,112,41993,54788,92,4
6,5,128,262,32995,42033,516,4
6,5,128,52,35992,42073,64240,4
6,5,128,40,35993,42073,513,4
6,5,128,223,35994,42073,513,4
6,5,128,40,35995,42073,513,4
6,5,128,40,35996,42073,508,4
6,5,128,40,35997,42073,508,4
6,5,128,52,35998,42074,64240,4
6,5,128,40,35999,42074,513,4
6,5,128,242,36000,42074,513,4
6,5,128,40,36001,42074,513,4
6,5,128,40,36002,42074,513,4
6,5,128,52,36003,42075,64240,4
6,5,128,40,36004,42075,513,4
6,5,128,333,36005,42075,513,4
6,5,128,40,36006,42075,513,4
6,5,128,40,36007,42075,513,4
6,5,128,40,36008,42075,513,4
6,5,128,52,36009,42076,64240,4
6,5,128,40,36010,42076,513,4
6,5,128,458,36011,42076,513,4
6,5,128,340,36012,42076,513,4
6,5,128,40,36013,42076,513,4
6,5,128,40,36014,42076,513,4
6,5,128,40,36015,42076,513,4
6,5,128,52,36016,42077,64240,4
6,5,128,40,36017,42077,513,4
6,5,128,264,36018,42077,513,4
6,5,128,40,36019,42077,513,4
6,5,128,40,36020,42077,513,4
6,5,128,40,36021,42077,513,4
6,5,128,40,36022,42077,513,4
6,5,128,40,36023,42077,513,4
6,5,128,52,36024,42078,64240,4
6,5,128,40,36025,42078,513,4
6,5,128,259,36026,42078,513,4
6,5,128,40,36027,42078,513,4
6,5,128,40,36028,42078,513,4
6,5,128,40,36029,42078,513,4
6,5,128,40,52049,41943,32203,4
6,5,128,40,52050,42014,32619,4
6,5,128,262,32996,42024,517,4
17,5,128,62,6574,54208,42,4
6,5,128,40,32997,42034,515,4
17,5,128,75,44615,4011,55,4
6,5,128,52,63165,42079,64240,4
6,5,128,52,36030,42080,64240,4
6,5,128,40,36031,42080,513,4
6,5,128,223,36032,42080,513,4
6,5,128,40,63166,42079,0,4
6,5,128,40,36033,42080,513,4
6,5,128,40,36034,42080,513,4
6,5,128,52,36035,42081,64240,4
6,5,128,40,36036,42081,513,4
6,5,128,242,36037,42081,513,4
6,5,128,40,36038,42081,512,4
6,5,128,40,36039,42081,513,4
6,5,128,40,36040,42081,513,4
6,5,128,52,36041,42082,64240,4
6,5,128,40,36042,42082,513,4
6,5,128,333,36043,42082,513,4
6,5,128,40,36044,42082,513,4
6,5,128,40,36045,42082,513,4
6,5,128,40,36046,42082,513,4
6,5,128,52,36047,42083,64240,4
6,5,128,40,36048,42083,513,4
6,5,128,458,36049,42083,513,4
6,5,128,340,36050,42083,513,4
6,5,128,40,36051,42083,513,4
6,5,128,40,36052,42083,513,4
6,5,128,40,36053,42083,513,4
6,5,128,52,36054,42084,64240,4
6,5,128,40,36055,42084,513,4
6,5,128,264,36056,42084,513,4
6,5,128,40,36057,42084,513,4
6,5,128,40,36058,42084,513,4
6,5,128,40,36059,42084,513,4
6,5,128,52,36060,42085,64240,4
6,5,128,40,36061,42085,513,4
6,5,128,259,36062,42085,513,4
6,5,128,40,36063,42085,513,4
6,5,128,40,36064,42085,513,4
6,5,128,40,36065,42085,513,4
6,5,128,40,36066,42085,513,4
6,5,128,40,36067,42085,513,4
6,5,128,40,6239,42025,514,4
6,5,128,52,63167,42079,64240,4
6,5,128,262,32998,42024,517,4
6,5,128,262,32999,42024,517,4
17,5,128,75,44616,4011,55,4
17,5,128,75,44617,4011,55,4
6,5,128,262,33000,42024,517,4
17,5,128,75,44618,4011,55,4
17,5,128,75,44619,4011,55,4
17,5,128,75,44620,4011,55,4
17,5,128,75,44621,4011,55,4
17,5,128,147,44622,4011,127,4
17,5,128,347,44623,4011,327,4
17,5,128,75,44624,4011,55,4
17,5,128,75,44625,4011,55,4
17,5,128,75,44626,4011,55,4
17,5,128,75,44627,4011,55,4
17,5,128,75,44628,4011,55,4
17,5,128,347,44629,4011,327,4
17,5,128,75,44630,4011,55,4
17,5,128,112,41994,54788,92,4
17,5,128,67,44631,4011,47,4
17,5,128,347,44632,4011,327,4
17,5,128,347,44633,4011,327,4
17,5,128,347,44634,4011,327,4
17,5,128,83,44635,4011,63,4
6,5,128,40,52051,41943,0,4
6,5,128,40,52052,42014,0,4
17,5,128,72,30831,54210,52,4
6,5,128,52,63168,42079,64240,4
6,5,128,262,33001,42024,517,4
17,5,128,147,44636,4011,127,4
17,5,128,75,44637,4011,55,4
17,5,128,75,44638,4011,55,4
17,5,128,75,44639,4011,55,4
17,5,128,75,44640,4011,55,4
17,5,128,75,44641,4011,55,4
17,5,128,75,44642,4011,55,4
17,5,128,75,44643,4011,55,4
17,5,128,75,44644,4011,55,4
17,5,128,75,44645,4011,55,4
17,5,128,347,44646,4011,327,4
17,5,128,107,44647,4011,87,4
17,5,128,347,44648,4011,327,4
6,5,128,262,33002,42024,517,4
17,5,128,75,44649,4011,55,4
17,5,128,75,44650,4011,55,4
17,5,128,75,44651,4011,55,4
17,5,128,75,44652,4011,55,4
17,5,128,75,44653,4011,55,4
17,5,128,75,44654,4011,55,4
17,5,128,75,44655,4011,55,4
17,5,128,75,44656,4011,55,4
17,5,128,75,44657,4011,55,4
17,5,128,75,44658,4011,55,4
17,5,128,75,44659,4011,55,4
17,5,128,75,44660,4011,55,4
17,5,128,75,44661,4011,55,4
17,5,128,75,44662,4011,55,4
17,5,128,347,44663,4011,327,4
17,5,128,347,44664,4011,327,4
17,5,128,83,44665,4011,63,4
17,5,128,75,44666,4011,55,4
17,5,128,347,44667,4011,327,4
17,5,128,75,44668,4011,55,4
17,5,128,347,44669,4011,327,4
17,5,128,75,44670,4011,55,4
17,5,128,347,44671,4011,327,4
17,5,128,56,6575,55023,36,4
6,5,128,52,32584,42086,65535,4
6,5,128,40,32585,42086,32768,4
6,5,128,366,32586,42086,32768,4
6,5,128,40,32587,42086,32768,4
6,5,128,166,32588,42086,32139,4
6,5,128,289,32589,42086,32768,4
17,5,128,75,44672,4011,55,4
6,5,128,52,32590,42086,32768,4
6,5,128,262,33003,42024,517,4
17,5,128,64,6576,55037,44,4
6,5,128,52,21915,42087,64240,4
17,5,128,75,44673,4011,55,4
17,5,128,147,44674,4011,127,4
17,5,128,75,44675,4011,55,4
6,5,128,52,32591,42086,32768,4
17,5,128,75,44676,4011,55,4
17,5,128,60,6577,64992,40,4
17,5,128,75,44677,4011,55,4
6,5,128,40,32592,42086,32768,4
17,5,128,75,44678,4011,55,4
17,5,128,112,41995,54788,92,4
17,5,128,75,44679,4011,55,4
17,5,128,75,44680,4011,55,4
17,5,128,75,44681,4011,55,4
17,5,128,60,40930,64992,40,4
17,5,128,75,44682,4011,55,4
17,5,128,75,44683,4011,55,4
17,5,128,75,44684,4011,55,4
17,5,128,83,44685,4011,63,4
17,5,128,75,44686,4011,55,4
17,5,128,75,44687,4011,55,4
17,5,128,75,44688,4011,55,4
6,5,128,40,58276,41904,0,4
17,5,128,347,44689,4011,327,4
6,5,128,40,21916,41990,514,4
17,5,128,75,44690,4011,55,4
6,5,128,40,21917,41990,514,4
6,5,128,71,21918,41990,514,4
6,5,128,40,21919,41990,514,4
6,5,128,139,43790,41931,513,4
6,5,128,40,43791,41931,512,4
6,5,128,52,21920,42087,64240,4
6,5,128,40,21921,42087,517,4
6,5,128,241,21922,42087,517,4
6,5,128,40,21923,42087,517,4
6,5,128,52,21924,42087,517,4
6,5,128,40,21925,42087,517,4
6,5,128,133,21926,42087,517,4
6,5,128,214,21927,42087,516,4
6,5,128,684,21928,42087,516,4
6,5,128,40,21929,42087,515,4
17,5,128,60,6578,64992,40,4
17,5,128,75,44691,4011,55,4
17,5,128,75,44692,4011,55,4
6,5,128,40,47458,42023,514,4
6,5,128,262,33004,42024,517,4
6,5,128,40,47459,42023,514,4
6,5,128,40,33005,42027,514,4
6,5,128,262,33006,42024,517,4
17,5,128,75,44693,4011,55,4
17,5,128,75,44694,4011,55,4
17,5,128,75,44695,4011,55,4
17,5,128,75,44696,4011,55,4
17,5,128,75,44697,4011,55,4
17,5,128,75,44698,4011,55,4
17,5,128,75,44699,4011,55,4
17,5,128,75,44700,4011,55,4
17,5,4,165,11042,59627,145,4
17,5,128,75,44701,4011,55,4
17,5,128,75,44702,4011,55,4
17,5,128,67,44703,4011,47,4
17,5,128,195,44704,4011,175,4
17,5,128,91,44705,4011,71,4
17,5,128,83,44706,4011,63,4
6,5,128,52,60982,42090,64240,4
17,5,128,75,44707,4011,55,4
17,5,128,75,44708,4011,55,4
17,5,128,75,44709,4011,55,4
17,5,128,75,44710,4011,55,4
17,5,128,75,44711,4011,55,4
17,5,128,75,44712,4011,55,4
17,5,128,75,44713,4011,55,4
17,5,128,75,44714,4011,55,4
17,5,128,75,44715,4011,55,4
17,5,128,75,44716,4011,55,4
17,5,128,75,44717,4011,55,4
17,5,128,75,44718,4011,55,4
17,5,128,75,44719,4011,55,4
17,5,128,75,44720,4011,55,4
17,5,128,75,44721,4011,55,4
17,5,128,75,44722,4011,55,4
17,5,128,75,44723,4011,55,4
17,5,128,347,44724,4011,327,4
6,5,128,40,25747,42071,32652,4
17,5,128,61,6579,61516,41,4
6,5,128,40,25748,42071,32652,4
17,5,128,347,44725,4011,327,4
17,5,128,75,44726,4011,55,4
6,5,128,40,5351,42072,1019,4
17,5,128,75,44727,4011,55,4
17,5,128,75,44728,4011,55,4
17,5,128,78,59099,137,58,4
17,5,128,64,6580,51664,44,4
17,5,1,56,27009,5353,36,4
17,5,1,56,27010,5353,36,4
17,5,1,50,12213,59125,30,4
17,5,1,50,12214,59662,30,4
17,5,1,50,12215,59125,30,4
17,5,1,50,12216,59662,30,4
17,5,128,75,44729,4011,55,4
17,5,128,75,44730,4011,55,4
17,5,128,61,40931,61516,41,4
17,5,128,78,59100,137,58,4
17,5,4,165,11043,59627,145,4
17,5,128,75,44731,4011,55,4
17,5,1,56,27011,5353,36,4
17,5,1,56,27012,5353,36,4
17,5,128,75,44732,4011,55,4
17,5,128,75,44733,4011,55,4
17,5,128,78,59101,137,58,4
6,5,128,41,44987,41965,516,4
17,5,128,75,44734,4011,55,4
6,5,128,40,37860,41951,0,4
6,5,128,52,60983,42090,64240,4
17,5,128,75,44735,4011,55,4
17,5,128,75,44736,4011,55,4
17,5,128,75,44737,4011,55,4
17,5,128,75,44738,4011,55,4
17,5,128,75,44739,4011,55,4
17,5,128,75,44740,4011,55,4
17,5,128,75,44741,4011,55,4
17,5,128,75,44742,4011,55,4
17,5,128,75,44743,4011,55,4
17,5,128,75,44744,4011,55,4
17,5,128,75,44745,4011,55,4
17,5,128,75,44746,4011,55,4
6,5,128,262,33007,42024,517,4
17,5,128,75,44747,4011,55,4
17,5,128,75,44748,4011,55,4
17,5,128,75,44749,4011,55,4
17,5,128,75,44750,4011,55,4
6,5,128,41,44988,41965,516,4
17,5,128,75,44751,4011,55,4
17,5,128,75,44752,4011,55,4
17,5,128,75,44753,4011,55,4
17,5,128,75,44754,4011,55,4
17,5,128,75,44755,4011,55,4
17,5,128,75,44756,4011,55,4
17,5,128,75,44757,4011,55,4
17,5,128,75,44758,4011,55,4
17,5,128,75,44759,4011,55,4
17,5,128,75,44760,4011,55,4
17,5,128,112,41996,54788,92,4
17,5,128,75,44761,4011,55,4
17,5,128,75,44762,4011,55,4
17,5,128,347,44763,4011,327,4
17,5,128,347,44764,4011,327,4
17,5,128,347,44765,4011,327,4
17,5,128,211,44766,4011,191,4
17,5,255,105,27013,5353,85,4
6,5,128,41,44989,41965,516,4
17,5,4,165,11044,59627,145,4
6,5,128,40,60984,42090,513,4
6,5,128,222,60985,42090,512,4
17,5,128,75,44767,4011,55,4
6,5,128,194,60986,42090,512,4
17,5,128,75,44768,4011,55,4
6,5,128,40,60987,42090,511,4
6,5,128,40,60988,42090,511,4
6,5,128,40,37861,41949,0,4
17,5,128,75,44769,4011,55,4
17,5,128,75,44770,4011,55,4
17,5,128,75,44771,4011,55,4
17,5,128,75,44772,4011,55,4
17,5,128,75,44773,4011,55,4
17,5,128,75,44774,4011,55,4
17,5,128,75,44775,4011,55,4
6,5,128,40,37862,41991,0,4
17,5,128,75,44776,4011,55,4
17,5,128,75,44777,4011,55,4
17,5,128,75,44778,4011,55,4
17,5,128,75,44779,4011,55,4
17,5,128,75,44780,4011,55,4
17,5,128,75,44781,4011,55,4
17,5,128,75,44782,4011,55,4
17,5,128,75,44783,4011,55,4
17,5,128,75,44784,4011,55,4
17,5,128,75,44785,4011,55,4
17,5,128,75,44786,4011,55,4
17,5,128,75,44787,4011,55,4
17,5,128,75,44788,4011,55,4
17,5,128,75,44789,4011,55,4
17,5,128,75,44790,4011,55,4
17,5,128,75,44791,4011,55,4
17,5,128,75,44792,4011,55,4
17,5,128,75,44793,4011,55,4
17,5,128,75,44794,4011,55,4
17,5,128,75,44795,4011,55,4
17,5,128,83,44796,4011,63,4
17,5,128,75,44797,4011,55,4
17,5,128,75,44798,4011,55,4
17,5,4,165,11045,59627,145,4
17,5,128,62,6581,63833,42,4
6,5,128,52,43757,42091,65535,4
6,5,128,262,33008,42024,517,4
6,5,128,358,33009,42024,517,4
17,5,128,75,44799,4011,55,4
17,5,128,67,44800,4011,47,4
17,5,128,75,44801,4011,55,4
17,5,128,75,44802,4011,55,4
6,5,128,52,52053,42092,65535,4
6,5,128,40,43758,42091,1024,4
6,5,128,208,43759,42091,1024,4
6,5,128,40,52054,42092,32768,4
6,5,128,317,52055,42092,32768,4
6,5,128,268,52056,42092,32768,4
6,5,128,40,52057,42092,32651,4
6,5,128,40,43760,42091,1024,4
6,5,128,40,43761,42091,1024,4
6,5,128,166,43762,42091,1024,4
17,5,128,75,44803,4011,55,4
6,5,128,40,4817,42026,511,4
17,5,128,75,44804,4011,55,4
6,5,128,40,4818,42026,511,4
17,5,128,75,44805,4011,55,4
17,5,128,75,44806,4011,55,4
17,5,128,75,44807,4011,55,4
17,5,128,75,44808,4011,55,4
17,5,128,75,44809,4011,55,4
17,5,128,75,44810,4011,55,4
17,5,128,75,44811,4011,55,4
17,5,128,75,44812,4011,55,4
17,5,128,75,44813,4011,55,4
17,5,128,75,44814,4011,55,4
17,5,128,75,44815,4011,55,4
17,5,128,75,44816,4011,55,4
17,5,128,75,44817,4011,55,4
17,5,128,75,44818,4011,55,4
17,5,128,75,44819,4011,55,4
17,5,128,75,44820,4011,55,4
17,5,128,75,44821,4011,55,4
17,5,128,75,44822,4011,55,4
17,5,128,75,44823,4011,55,4
17,5,128,75,44824,4011,55,4
17,5,128,75,44825,4011,55,4
17,5,128,75,44826,4011,55,4
17,5,128,75,44827,4011,55,4
17,5,128,75,44828,4011,55,4
17,5,128,75,44829,4011,55,4
17,5,128,75,44830,4011,55,4
17,5,128,75,44831,4011,55,4
17,5,128,75,44832,4011,55,4
17,5,128,75,44833,4011,55,4
17,5,128,75,44834,4011,55,4
17,5,128,75,44835,4011,55,4
17,5,128,75,44836,4011,55,4
17,5,128,75,44837,4011,55,4
17,5,128,75,44838,4011,55,4
17,5,128,75,44839,4011,55,4
17,5,128,75,44840,4011,55,4
17,5,128,75,44841,4011,55,4
17,5,4,165,11046,59627,145,4
6,5,128,166,43763,42091,1024,4
6,5,128,40,37863,41971,0,4
17,5,128,83,44842,4011,63,4
17,5,255,285,27014,5353,265,4
17,5,128,112,41997,54788,92,4
6,5,128,262,33010,42024,517,4
17,5,128,75,44843,4011,55,4
17,5,128,75,44844,4011,55,4
6,5,128,262,33011,42024,517,4
17,5,4,165,11047,59627,145,4
17,5,128,75,44845,4011,55,4
17,5,128,75,44846,4011,55,4
17,5,128,75,44847,4011,55,4
17,5,128,75,44848,4011,55,4
17,5,128,75,44849,4011,55,4
17,5,128,75,44850,4011,55,4
6,5,128,139,43792,41964,514,4
6,5,128,40,43793,41964,513,4
6,5,128,40,43764,42091,1023,4
6,5,128,406,43765,42091,1023,4
6,5,128,40,43766,42091,1020,4
17,5,128,86,6582,62061,66,4
6,5,128,318,52058,42092,32651,4
6,5,128,1480,52059,42092,32651,4
6,5,128,1108,52060,42092,32651,4
17,5,128,75,44851,4011,55,4
6,5,128,40,52061,42092,32768,4
6,5,128,52,21930,42093,64240,4
6,5,128,40,21931,42093,517,4
6,5,128,223,21932,42093,517,4
6,5,128,52,21933,42093,517,4
6,5,128,40,21934,42093,517,4
6,5,128,133,21935,42093,517,4
6,5,128,214,21936,42093,516,4
6,5,128,207,21937,42093,516,4
17,5,128,75,44852,4011,55,4
17,5,128,75,44853,4011,55,4
17,5,128,75,44854,4011,55,4
6,5,128,40,21938,42093,514,4
6,5,128,40,25238,42066,1019,4
6,5,128,40,37864,42011,0,4
6,5,128,262,33012,42024,517,4
17,5,128,75,44855,4011,55,4
17,5,128,75,44856,4011,55,4
17,5,128,75,44857,4011,55,4
17,5,128,75,44858,4011,55,4
17,5,128,75,44859,4011,55,4
17,5,128,75,44860,4011,55,4
6,5,128,262,33013,42024,517,4
17,5,128,75,44861,4011,55,4
17,5,128,75,44862,4011,55,4
17,5,128,75,44863,4011,55,4
17,5,128,75,44864,4011,55,4
17,5,128,75,44865,4011,55,4
17,5,128,75,44866,4011,55,4
17,5,128,75,44867,4011,55,4
17,5,128,75,44868,4011,55,4
17,5,128,75,44869,4011,55,4
17,5,128,75,44870,4011,55,4
6,5,128,262,33014,42024,517,4
17,5,128,75,44871,4011,55,4
17,5,128,75,44872,4011,55,4
6,5,128,262,33015,42024,517,4
17,5,128,75,44873,4011,55,4
17,5,128,75,44874,4011,55,4
6,5,128,262,33016,42024,517,4
17,5,128,112,41998,54788,92,4
17,5,128,75,44875,4011,55,4
17,5,128,75,44876,4011,55,4
17,5,128,75,44877,4011,55,4
17,5,128,75,44878,4011,55,4
17,5,128,75,44879,4011,55,4
17,5,128,75,44880,4011,55,4
17,5,128,75,44881,4011,55,4
17,5,128,75,44882,4011,55,4
17,5,128,75,44883,4011,55,4
17,5,128,75,44884,4011,55,4
17,5,128,75,44885,4011,55,4
17,5,128,75,44886,4011,55,4
17,5,128,75,44887,4011,55,4
17,5,128,75,44888,4011,55,4
17,5,128,75,44889,4011,55,4
17,5,128,75,44890,4011,55,4
17,5,128,75,44891,4011,55,4
17,5,128,75,44892,4011,55,4
17,5,128,75,44893,4011,55,4
17,5,128,75,44894,4011,55,4
17,5,128,75,44895,4011,55,4
17,5,128,75,44896,4011,55,4
17,5,128,75,44897,4011,55,4
17,5,128,75,44898,4011,55,4
17,5,128,75,44899,4011,55,4
17,5,128,75,44900,4011,55,4
17,5,128,75,44901,4011,55,4
17,5,128,75,44902,4011,55,4
17,5,128,75,44903,4011,55,4
17,5,128,75,44904,4011,55,4
17,5,128,75,44905,4011,55,4
17,5,128,75,44906,4011,55,4
17,5,128,75,44907,4011,55,4
17,5,128,75,44908,4011,55,4
17,5,128,75,44909,4011,55,4
17,5,128,75,44910,4011,55,4
17,5,128,75,44911,4011,55,4
17,5,128,75,44912,4011,55,4
17,5,128,75,44913,4011,55,4
17,5,128,75,44914,4011,55,4
17,5,128,75,44915,4011,55,4
17,5,128,75,44916,4011,55,4
17,5,128,75,44917,4011,55,4
6,5,128,262,33017,42024,517,4
17,5,128,75,44918,4011,55,4
17,5,128,75,44919,4011,55,4
17,5,128,75,44920,4011,55,4
17,5,128,75,44921,4011,55,4
17,5,128,75,44922,4011,55,4
17,5,128,75,44923,4011,55,4
17,5,128,75,44924,4011,55,4
17,5,128,75,44925,4011,55,4
17,5,128,75,44926,4011,55,4
17,5,128,75,44927,4011,55,4
17,5,128,75,44928,4011,55,4
17,5,128,75,44929,4011,55,4
17,5,128,75,44930,4011,55,4
17,5,128,75,44931,4011,55,4
17,5,128,75,44932,4011,55,4
17,5,128,75,44933,4011,55,4
17,5,128,75,44934,4011,55,4
17,5,128,75,44935,4011,55,4
17,5,128,75,44936,4011,55,4
17,5,128,75,44937,4011,55,4
17,5,128,75,44938,4011,55,4
17,5,128,75,44939,4011,55,4
17,5,128,75,44940,4011,55,4
17,5,128,75,44941,4011,55,4
17,5,128,75,44942,4011,55,4
17,5,128,75,44943,4011,55,4
17,5,128,75,44944,4011,55,4
17,5,128,75,44945,4011,55,4
17,5,128,75,44946,4011,55,4
17,5,128,75,44947,4011,55,4
17,5,128,75,44948,4011,55,4
17,5,128,75,44949,4011,55,4
17,5,128,75,44950,4011,55,4
17,5,128,75,44951,4011,55,4
17,5,128,61,6583,61341,41,4
6,5,128,52,15854,42095,64240,4
6,5,128,52,15855,42096,64240,4
6,5,128,40,15856,42095,517,4
6,5,128,557,15857,42095,517,4
6,5,128,40,15858,42096,517,4
6,5,128,557,15859,42096,517,4
6,5,128,40,15860,42095,517,4
6,5,128,40,15861,42096,517,4
6,5,128,40,15862,42095,515,4
6,5,128,231,15863,42095,515,4
6,5,128,231,15864,42096,515,4
6,5,128,652,15865,42095,515,4
6,5,128,652,15866,42096,515,4
6,5,128,71,15867,42095,514,4
6,5,128,40,15868,42095,514,4
6,5,128,71,15869,42096,514,4
6,5,128,40,15870,42096,514,4
6,5,128,40,15871,42095,514,4
6,5,128,40,15872,42096,514,4
17,5,128,58,6584,52120,38,4
6,5,128,52,41755,42097,64240,4
6,5,128,52,15873,42098,64240,4
6,5,128,40,41756,42097,517,4
6,5,128,40,33018,42027,514,4
6,5,128,262,33019,42024,517,4
6,5,128,40,15874,42098,517,4
6,5,128,557,41757,42097,517,4
6,5,128,40,41758,42097,517,4
6,5,128,40,41759,42097,515,4
6,5,128,231,41760,42097,515,4
6,5,128,286,41761,42097,515,4
6,5,128,40,41762,42097,517,4
6,5,128,71,41763,42097,517,4
6,5,128,40,41764,42097,517,4
6,5,128,52,15875,42099,64240,4
6,5,128,557,15876,42098,517,4
17,5,128,75,44952,4011,55,4
17,5,128,75,44953,4011,55,4
6,5,128,40,15877,42098,517,4
6,5,128,40,15878,42098,515,4
17,5,128,75,44954,4011,55,4
17,5,128,75,44955,4011,55,4
6,5,128,231,15879,42098,515,4
6,5,128,484,33020,42024,517,4
6,5,128,528,15880,42098,515,4
17,5,128,75,44956,4011,55,4
17,5,128,75,44957,4011,55,4
6,5,128,71,15881,42098,514,4
17,5,128,75,44958,4011,55,4
6,5,128,40,15882,42098,514,4
17,5,128,75,44959,4011,55,4
6,5,128,40,15883,42098,514,4
17,5,128,75,44960,4011,55,4
17,5,128,75,44961,4011,55,4
17,5,128,75,44962,4011,55,4
17,5,128,75,44963,4011,55,4
6,5,128,71,41765,42097,517,4
6,5,128,40,41766,42097,517,4
17,5,128,75,44964,4011,55,4
17,5,128,75,44965,4011,55,4
17,5,128,75,44966,4011,55,4
17,5,128,75,44967,4011,55,4
17,5,128,75,44968,4011,55,4
17,5,128,75,44969,4011,55,4
17,5,128,75,44970,4011,55,4
17,5,128,75,44971,4011,55,4
17,5,128,75,44972,4011,55,4
17,5,128,75,44973,4011,55,4
17,5,128,75,44974,4011,55,4
17,5,128,75,44975,4011,55,4
17,5,128,75,44976,4011,55,4
17,5,128,75,44977,4011,55,4
17,5,128,75,44978,4011,55,4
17,5,128,75,44979,4011,55,4
17,5,128,75,44980,4011,55,4
17,5,128,75,44981,4011,55,4
17,5,128,75,44982,4011,55,4
17,5,128,75,44983,4011,55,4
17,5,128,75,44984,4011,55,4
17,5,128,75,44985,4011,55,4
17,5,128,75,44986,4011,55,4
17,5,128,75,44987,4011,55,4
17,5,128,75,44988,4011,55,4
17,5,128,75,44989,4011,55,4
17,5,128,75,44990,4011,55,4
17,5,128,75,44991,4011,55,4
17,5,128,75,44992,4011,55,4
6,5,128,40,15884,42099,517,4
17,5,128,75,44993,4011,55,4
17,5,128,75,44994,4011,55,4
6,5,128,557,15885,42099,517,4
17,5,128,75,44995,4011,55,4
17,5,128,75,44996,4011,55,4
17,5,128,75,44997,4011,55,4
17,5,128,75,44998,4011,55,4
17,5,128,75,44999,4011,55,4
17,5,128,75,45000,4011,55,4
17,5,128,75,45001,4011,55,4
17,5,128,75,45002,4011,55,4
17,5,128,112,41999,54788,92,4
6,5,128,40,15886,42099,517,4
6,5,128,52,15887,42099,517,4
6,5,128,52,15888,42099,517,4
6,5,128,40,15889,42099,0,4
6,5,128,40,21939,42093,0,4
17,5,128,83,45003,4011,63,4
6,5,128,52,32995,42100,65535,4
17,5,128,75,45004,4011,55,4
17,5,128,75,45005,4011,55,4
17,5,128,75,45006,4011,55,4
17,5,128,75,45007,4011,55,4
17,5,128,75,45008,4011,55,4
17,5,128,63,6585,63695,43,4
6,5,128,262,33021,42024,517,4
17,5,128,63,40932,63695,43,4
6,5,128,52,19616,42101,65535,4
6,5,128,52,32996,42100,65535,4
2,6,1,32,12217,0,0,4
6,5,128,52,32997,42100,65535,4
17,5,128,75,45009,4011,55,4
17,5,128,75,45010,4011,55,4
6,5,128,52,19617,42101,65535,4
6,5,128,40,19618,42101,1024,4
6,5,128,209,19619,42101,1024,4
6,5,128,40,19620,42101,1024,4
6,5,128,40,19621,42101,1024,4
6,5,128,133,19622,42101,1024,4
6,5,128,40,19623,42101,1023,4
6,5,128,834,19624,42101,1023,4
6,5,128,40,19625,42101,1021,4
6,5,128,52,21940,42102,64240,4
6,5,128,52,21941,42103,64240,4
17,5,128,75,45011,4011,55,4
17,5,128,75,45012,4011,55,4
6,5,128,262,33022,42024,517,4
6,5,128,40,21942,42103,517,4
6,5,128,40,21943,42102,517,4
6,5,128,223,21944,42103,517,4
6,5,128,223,21945,42102,517,4
6,5,128,52,21946,42103,517,4
6,5,128,40,21947,42103,517,4
6,5,128,40,21948,42102,517,4
6,5,128,133,21949,42103,517,4
6,5,128,133,21950,42102,517,4
6,5,128,214,21951,42102,516,4
6,5,128,214,21952,42103,516,4
6,5,128,207,21953,42103,516,4
6,5,128,829,21954,42102,516,4
6,5,128,40,21955,42103,514,4
6,5,128,40,21956,42102,515,4
6,5,128,40,19626,42101,0,4
6,5,128,40,21957,42103,0,4
6,5,128,40,21958,42102,0,4
17,5,128,75,45013,4011,55,4
2,6,1,32,11048,0,0,4
17,5,128,60,6586,63789,40,4
17,5,128,112,42000,54788,92,4
6,5,128,40,6240,42025,0,4
17,5,128,60,40933,63789,40,4
17,5,128,75,45014,4011,55,4
17,5,128,75,45015,4011,55,4
17,5,128,75,45016,4011,55,4
17,5,128,60,6587,63789,40,4
17,5,128,83,45017,4011,63,4
6,5,128,262,33023,42024,517,4
17,5,128,75,45018,4011,55,4
17,5,128,75,45019,4011,55,4
17,5,128,83,45020,4011,63,4
17,5,128,83,45021,4011,63,4
17,5,128,78,59102,137,58,4
17,5,128,63,6588,51082,43,4
17,5,1,56,27015,5353,36,4
17,5,1,56,27016,5353,36,4
17,5,1,50,12218,57973,30,4
17,5,1,50,12219,53661,30,4
17,5,1,50,12220,57973,30,4
17,5,1,50,12221,53661,30,4
17,5,128,75,45022,4011,55,4
17,5,128,78,59103,137,58,4
17,5,1,56,27017,5353,36,4
17,5,1,56,27018,5353,36,4
17,5,128,72,30832,53662,52,4
17,5,128,78,59104,137,58,4
6,5,128,262,33024,42024,517,4
17,5,128,83,45023,4011,63,4
17,5,128,112,42001,54788,92,4
17,5,128,75,45024,4011,55,4
17,5,128,83,45025,4011,63,4
17,5,128,75,45026,4011,55,4
17,5,128,403,45027,4011,383,4
17,5,128,60,6589,60429,40,4
6,5,128,262,33025,42024,517,4
6,5,128,262,33026,42024,517,4
17,5,128,60,40934,60429,40,4
6,5,128,262,33027,42024,517,4
6,5,128,262,33028,42024,517,4
17,5,128,83,45028,4011,63,4
17,5,128,60,6590,60429,40,4
6,5,128,40,52062,42092,32768,4
6,5,128,40,32593,42086,32768,4
17,5,128,61,6591,63552,41,4
17,5,128,61,40935,63552,41,4
6,5,128,52,14865,42108,65535,4
6,5,128,40,52063,42092,32768,4
6,5,128,40,32594,42086,32768,4
6,5,128,40,14866,42108,32768,4
6,5,128,371,14867,42108,32768,4
6,5,128,52,14868,42108,32768,4
6,5,128,52,14869,42108,32768,4
6,5,128,52,14870,42108,32768,4
6,5,128,40,14871,42108,32768,4
6,5,128,166,14872,42108,32768,4
6,5,128,333,14873,42108,32639,4
6,5,128,52,14874,42108,32768,4
6,5,128,52,14875,42108,32768,4
6,5,128,40,21959,42087,515,4
6,5,128,71,21960,42087,515,4
6,5,128,40,21961,42087,515,4
6,5,128,52,14876,42108,32768,4
6,5,128,52,14877,42108,32768,4
6,5,128,52,14878,42108,32768,4
6,5,128,52,14879,42108,32768,4
6,5,128,52,14880,42108,32768,4
6,5,128,52,14881,42108,32768,4
6,5,128,52,14882,42108,32768,4
6,5,128,52,14883,42108,32768,4
6,5,128,52,14884,42108,32768,4
6,5,128,52,14885,42108,32768,4
6,5,128,52,14886,42108,32768,4
6,5,128,52,14887,42108,32768,4
6,5,128,52,14888,42108,32768,4
6,5,128,52,14889,42108,32768,4
6,5,128,52,14890,42108,32768,4
6,5,128,52,14891,42108,32481,4
6,5,128,52,14892,42108,32768,4
6,5,128,52,14893,42108,32768,4
6,5,128,138,43794,41931,512,4
6,5,128,52,14894,42108,32768,4
6,5,128,52,14895,42108,32768,4
6,5,128,52,14896,42108,32768,4
6,5,128,52,14897,42108,32768,4
6,5,128,52,14898,42108,32768,4
6,5,128,52,14899,42108,32768,4
6,5,128,52,14900,42108,32768,4
6,5,128,52,14901,42108,32768,4
6,5,128,52,14902,42108,32768,4
6,5,128,52,14903,42108,32768,4
6,5,128,52,14904,42108,32768,4
6,5,128,52,14905,42108,32768,4
6,5,128,52,14906,42108,32768,4
6,5,128,52,14907,42108,32768,4
6,5,128,52,14908,42108,32768,4
6,5,128,52,14909,42108,32768,4
6,5,128,52,14910,42108,32768,4
6,5,128,52,14911,42108,32768,4
6,5,128,52,14912,42108,32768,4
6,5,128,52,14913,42108,32768,4
6,5,128,52,14914,42108,32768,4
6,5,128,52,14915,42108,32768,4
6,5,128,52,14916,42108,32768,4
6,5,128,60,14917,42108,32768,4
6,5,128,68,14918,42108,32768,4
6,5,128,68,14919,42108,32768,4
6,5,128,68,14920,42108,32768,4
6,5,128,60,14921,42108,32768,4
6,5,128,40,43795,41931,512,4
6,5,128,60,14922,42108,32768,4
6,5,128,60,14923,42108,32768,4
6,5,128,60,14924,42108,32768,4
6,5,128,60,14925,42108,32768,4
6,5,128,60,14926,42108,32768,4
6,5,128,60,14927,42108,32768,4
6,5,128,60,14928,42108,32768,4
6,5,128,60,14929,42108,32768,4
6,5,128,60,14930,42108,32768,4
6,5,128,60,14931,42108,32768,4
6,5,128,60,14932,42108,32768,4
6,5,128,60,14933,42108,32768,4
6,5,128,60,14934,42108,32768,4
6,5,128,60,14935,42108,32768,4
6,5,128,60,14936,42108,32768,4
6,5,128,60,14937,42108,32768,4
6,5,128,60,14938,42108,32768,4
6,5,128,52,14939,42108,32768,4
6,5,128,52,14940,42108,32768,4
6,5,128,40,14941,42108,32768,4
17,5,128,112,42002,54788,92,4
6,5,128,40,33029,42027,514,4
6,5,128,262,33030,42024,517,4
6,5,128,358,33031,42024,517,4
6,5,128,40,10476,42042,0,4
17,5,128,147,45029,4011,127,4
17,5,128,67,45030,4011,47,4
17,5,128,59,6592,59070,39,4
17,5,128,59,40936,59070,39,4
6,5,128,52,5242,42109,65535,4
6,5,128,40,5243,42109,32768,4
6,5,128,271,5244,42109,32768,4
6,5,128,40,5245,42109,32768,4
6,5,128,40,5246,42109,32768,4
6,5,128,52,5247,42109,32768,4
6,5,128,52,5248,42109,32768,4
6,5,128,52,5249,42109,32768,4
6,5,128,52,5250,42109,32768,4
6,5,128,52,5251,42109,32768,4
6,5,128,52,5252,42109,32768,4
6,5,128,52,5253,42109,32768,4
6,5,128,52,5254,42109,32768,4
6,5,128,52,5255,42109,32768,4
6,5,128,52,5256,42109,32768,4
6,5,128,52,5257,42109,32768,4
6,5,128,52,5258,42109,32768,4
6,5,128,52,5259,42109,32768,4
6,5,128,52,5260,42109,32768,4
6,5,128,52,5261,42109,32768,4
6,5,128,52,5262,42109,32768,4
6,5,128,52,5263,42109,32768,4
6,5,128,52,5264,42109,32768,4
6,5,128,52,5265,42109,32768,4
6,5,128,52,5266,42109,32768,4
6,5,128,52,5267,42109,32768,4
6,5,128,52,5268,42109,32768,4
6,5,128,52,5269,42109,32768,4
6,5,128,60,5270,42109,32768,4
6,5,128,60,5271,42109,32768,4
6,5,128,60,5272,42109,32768,4
6,5,128,60,5273,42109,32768,4
6,5,128,60,5274,42109,32768,4
6,5,128,60,5275,42109,32768,4
6,5,128,60,5276,42109,32768,4
6,5,128,60,5277,42109,32768,4
6,5,128,52,5278,42109,32768,4
6,5,128,52,5279,42109,32768,4
6,5,128,52,5280,42109,32768,4
6,5,128,52,5281,42109,32768,4
6,5,128,52,5282,42109,32768,4
6,5,128,52,5283,42109,32768,4
6,5,128,52,5284,42109,32768,4
6,5,128,52,5285,42109,32768,4
6,5,128,52,5286,42109,32768,4
6,5,128,52,5287,42109,32768,4
6,5,128,52,5288,42109,32768,4
6,5,128,52,5289,42109,32768,4
6,5,128,52,5290,42109,32768,4
6,5,128,40,5291,42109,32768,4
6,5,128,40,5292,42109,32768,4
6,5,128,40,5293,42109,32768,4
6,5,128,40,5294,42109,32768,4
6,5,128,40,5295,42109,32768,4
6,5,128,40,5296,42109,32768,4
6,5,128,40,5297,42109,32768,4
6,5,128,40,5298,42109,32768,4
6,5,128,40,5299,42109,32768,4
6,5,128,40,5300,42109,32768,4
6,5,128,40,5301,42109,32768,4
6,5,128,52,5302,42109,32768,4
6,5,128,52,5303,42109,32768,4
6,5,128,52,5304,42109,32768,4
6,5,128,52,5305,42109,32768,4
6,5,128,52,5306,42109,32768,4
6,5,128,52,5307,42109,32768,4
6,5,128,52,5308,42109,32768,4
6,5,128,52,5309,42109,32768,4
6,5,128,52,5310,42109,32768,4
6,5,128,52,5311,42109,32768,4
6,5,128,52,5312,42109,32768,4
6,5,128,52,5313,42109,32768,4
6,5,128,52,5314,42109,32768,4
6,5,128,52,5315,42109,32768,4
6,5,128,52,5316,42109,32768,4
6,5,128,52,5317,42109,32768,4
6,5,128,52,5318,42109,32768,4
6,5,128,52,5319,42109,32768,4
6,5,128,52,5320,42109,32768,4
6,5,128,52,5321,42109,32768,4
6,5,128,52,5322,42109,32768,4
6,5,128,52,5323,42109,32768,4
6,5,128,52,5324,42109,32768,4
6,5,128,52,5325,42109,32768,4
6,5,128,52,5326,42109,32768,4
6,5,128,60,5327,42109,32768,4
6,5,128,60,5328,42109,32768,4
6,5,128,60,5329,42109,32768,4
6,5,128,60,5330,42109,32768,4
6,5,128,60,5331,42109,32768,4
6,5,128,60,5332,42109,32768,4
6,5,128,60,5333,42109,32768,4
6,5,128,60,5334,42109,32768,4
6,5,128,60,5335,42109,32768,4
6,5,128,60,5336,42109,32768,4
6,5,128,60,5337,42109,32768,4
6,5,128,60,5338,42109,32768,4
6,5,128,60,5339,42109,32768,4
6,5,128,60,5340,42109,32768,4
6,5,128,60,5341,42109,32768,4
6,5,128,52,5342,42109,32768,4
6,5,128,52,5343,42109,32768,4
6,5,128,52,5344,42109,32768,4
6,5,128,52,5345,42109,32768,4
6,5,128,52,5346,42109,32768,4
6,5,128,40,5347,42109,32768,4
6,5,128,40,5348,42109,32768,4
17,5,128,115,45031,4011,95,4
17,5,128,78,59105,137,58,4
17,5,1,56,27019,5353,36,4
17,5,1,56,27020,5353,36,4
17,5,1,50,12222,65511,30,4
17,5,1,50,12223,56093,30,4
17,5,1,50,12224,65511,30,4
17,5,1,50,12225,56093,30,4
17,5,128,69,6593,63794,49,4
17,5,128,78,59106,137,58,4
6,5,128,52,11177,42110,64240,4
17,5,1,56,27021,5353,36,4
17,5,1,56,27022,5353,36,4
17,5,128,78,59107,137,58,4
17,5,128,60,6594,51665,40,4
6,5,128,40,11178,42110,517,4
6,5,128,246,11179,42110,517,4
6,5,128,40,11180,42110,517,4
6,5,128,166,11181,42110,517,4
17,5,128,60,40937,51665,40,4
17,5,128,83,45032,4011,63,4
17,5,128,75,45033,4011,55,4
6,5,128,262,33032,42024,517,4
6,5,128,40,11182,42110,516,4
6,5,128,390,11183,42110,516,4
6,5,128,602,11184,42110,516,4
17,5,128,60,6595,51665,40,4
6,5,128,41,44990,41965,516,4
17,5,128,139,45034,4011,119,4
6,5,128,52,6848,42111,65535,4
17,5,128,75,45035,4011,55,4
17,5,128,75,45036,4011,55,4
6,5,128,40,11185,42110,514,4
17,5,128,75,45037,4011,55,4
17,5,128,75,45038,4011,55,4
17,5,128,112,42003,54788,92,4
17,5,128,75,45039,4011,55,4
17,5,128,75,45040,4011,55,4
6,5,128,52,6849,42111,65535,4
17,5,128,75,45041,4011,55,4
17,5,128,67,45042,4011,47,4
17,5,128,139,45043,4011,119,4
6,5,128,52,52064,42112,65535,4
6,5,128,40,52065,42112,32768,4
6,5,128,317,52066,42112,32768,4
6,5,128,268,52067,42112,32768,4
6,5,128,394,43767,42091,1020,4
6,5,128,268,52068,42112,32768,4
6,5,128,40,43768,42091,1018,4
17,5,128,74,6596,57478,54,4
17,5,128,74,40938,57478,54,4
6,5,128,262,33033,42024,517,4
17,5,128,75,45044,4011,55,4
6,5,128,40,52069,42112,32651,4
17,5,128,83,45045,4011,63,4
17,5,128,75,45046,4011,55,4
17,5,128,75,45047,4011,55,4
6,5,128,52,29379,42113,64240,4
6,5,128,40,29380,42113,513,4
6,5,128,223,29381,42113,513,4
6,5,128,40,29382,42113,513,4
6,5,128,242,29383,42113,513,4
6,5,128,40,29384,42113,513,4
6,5,128,40,29385,42113,513,4
6,5,128,52,29386,42114,64240,4
6,5,128,40,29387,42114,513,4
6,5,128,177,29388,42114,513,4
6,5,128,325,29389,42114,511,4
6,5,128,40,29390,42114,513,4
6,5,128,40,29391,42114,513,4
6,5,128,52,29392,42115,64240,4
6,5,128,40,29393,42115,513,4
6,5,128,256,29394,42115,513,4
17,5,128,75,45048,4011,55,4
6,5,128,40,29395,42115,513,4
6,5,128,40,29396,42115,513,4
6,5,128,40,29397,42115,513,4
6,5,128,40,29398,42115,513,4
6,5,128,52,29399,42116,64240,4
6,5,128,40,29400,42116,513,4
6,5,128,251,29401,42116,513,4
6,5,128,40,29402,42116,513,4
6,5,128,40,29403,42116,513,4
6,5,128,40,29404,42116,513,4
6,5,128,52,29405,42117,64240,4
6,5,128,40,29406,42117,513,4
6,5,128,223,29407,42117,513,4
6,5,128,40,29408,42117,513,4
6,5,128,242,29409,42117,513,4
6,5,128,40,29410,42117,513,4
6,5,128,40,29411,42117,513,4
6,5,128,52,29412,42118,64240,4
6,5,128,40,29413,42118,513,4
6,5,128,177,29414,42118,513,4
6,5,128,325,29415,42118,511,4
17,5,128,139,45049,4011,119,4
6,5,128,40,29416,42118,513,4
6,5,128,40,29417,42118,513,4
6,5,128,40,29418,42118,513,4
6,5,128,52,29419,42119,64240,4
6,5,128,40,29420,42119,513,4
6,5,128,256,29421,42119,513,4
6,5,128,40,29422,42119,513,4
6,5,128,40,29423,42119,513,4
6,5,128,52,29424,42119,513,4
6,5,128,40,29425,42119,513,4
6,5,128,40,29426,42119,513,4
6,5,128,52,29427,42120,64240,4
6,5,128,40,29428,42120,513,4
6,5,128,251,29429,42120,513,4
6,5,128,262,33034,42024,517,4
6,5,128,40,29430,42120,513,4
6,5,128,40,29431,42120,513,4
6,5,128,40,29432,42120,513,4
6,5,128,40,29433,42120,513,4
6,5,128,40,29434,42120,513,4
6,5,128,52,6850,42111,65535,4
17,5,128,75,45050,4011,55,4
17,5,128,75,45051,4011,55,4
17,5,128,112,42004,54788,92,4
17,5,128,60,6597,53282,40,4
17,5,128,60,40939,53282,40,4
6,5,128,262,33035,42024,517,4
6,5,128,262,33036,42024,517,4
6,5,128,40,25239,42066,1019,4
6,5,128,262,33037,42024,517,4
17,5,128,60,6598,53282,40,4
17,5,128,62,6599,58468,42,4
17,5,128,62,40940,58468,42,4
6,5,128,52,16381,42121,65535,4
6,5,128,262,33038,42024,517,4
17,5,128,78,59108,137,58,4
17,5,1,56,27023,5353,36,4
17,5,1,56,27024,5353,36,4
17,5,1,50,12226,61129,30,4
17,5,1,50,12227,58821,30,4
6,5,128,40,16382,42121,1024,4
6,5,128,199,16383,42121,1024,4
6,5,128,1480,16384,42121,1024,4
6,5,128,1480,16385,42121,1024,4
6,5,128,65,16386,42121,1024,4
6,5,128,40,16387,42121,1022,4
17,5,1,50,12228,61129,30,4
17,5,1,50,12229,58821,30,4
6,5,128,262,33039,42024,517,4
17,5,128,78,59109,137,58,4
17,5,128,112,42005,54788,92,4
17,5,1,56,27025,5353,36,4
17,5,1,56,27026,5353,36,4
17,5,128,78,59110,137,58,4
6,5,128,52,63195,42122,64240,4
6,5,128,40,16388,42121,1022,4
6,5,128,40,63196,42122,517,4
6,5,128,45,63197,42122,517,4
6,5,128,160,63198,42122,517,4
6,5,128,262,33040,42024,517,4
6,5,128,160,63199,42122,517,4
6,5,128,40,33041,42027,513,4
6,5,128,262,33042,42024,517,4
17,5,128,83,45052,4011,63,4
6,5,128,40,5352,42072,1019,4
6,5,128,40,5353,42072,0,4
6,5,128,52,5354,42123,65535,4
6,5,128,52,5355,42123,65535,4
6,5,128,262,33043,42024,517,4
6,5,128,52,5356,42123,65535,4
6,5,128,40,5357,42123,1024,4
6,5,128,236,5358,42123,1024,4
6,5,128,52,5359,42123,1023,4
6,5,128,52,5360,42123,1023,4
6,5,128,52,5361,42123,1023,4
6,5,128,706,33044,42024,517,4
17,5,128,112,42006,54788,92,4
17,5,128,69,6600,53094,49,4
17,5,128,69,40941,53094,49,4
17,5,128,69,6601,53094,49,4
6,5,128,52,50935,42124,64240,4
6,5,128,40,50936,42124,517,4
6,5,128,219,50937,42124,517,4
17,5,128,112,42007,54788,92,4
6,5,128,40,50938,42124,517,4
6,5,128,40,50939,42124,512,4
6,5,128,262,33045,42024,517,4
17,5,128,112,42008,54788,92,4
6,5,128,52,32998,42125,65535,4
6,5,128,40,16389,42121,1022,4
6,5,128,52,32999,42125,65535,4
6,5,128,166,50940,42124,517,4
17,5,128,112,42009,54788,92,4
17,5,128,112,42010,54788,92,4
6,5,128,40,50941,42124,516,4
6,5,128,209,50942,42124,516,4
6,5,128,262,33046,42024,517,4
6,5,128,52,33000,42125,65535,4
17,5,128,73,6602,64764,53,4
17,5,128,73,40942,64764,53,4
6,5,128,40,50943,42124,515,4
6,5,128,52,62126,42126,64240,4
6,5,128,52,35973,42127,64240,4
6,5,128,40,62127,42126,517,4
6,5,128,223,62128,42126,517,4
17,5,128,67,6603,49971,47,4
6,5,128,40,35974,42127,517,4
6,5,128,744,35975,42127,517,4
17,5,128,67,40943,49971,47,4
6,5,128,40,35976,42127,512,4
6,5,128,40,35977,42127,512,4
6,5,128,40,62129,42126,517,4
6,5,128,40,35978,42127,512,4
6,5,128,40,16390,42121,1022,4
6,5,128,166,62130,42126,514,4
17,5,128,68,6604,56939,48,4
17,5,128,68,40944,56939,48,4
6,5,128,52,25240,42128,65535,4
6,5,128,52,25241,42129,65535,4
17,5,128,107,45053,4011,87,4
17,5,128,75,45054,4011,55,4
6,5,128,166,62131,42126,514,4
6,5,128,40,35979,42127,512,4
17,5,128,67,6605,49971,47,4
6,5,128,52,9085,42130,64240,4
6,5,128,193,62132,42126,513,4
6,5,128,40,9086,42130,517,4
6,5,128,244,9087,42130,517,4
6,5,128,52,62133,42126,517,4
6,5,128,52,62134,42126,517,4
6,5,128,52,62135,42126,517,4
6,5,128,52,62136,42126,517,4
6,5,128,52,62137,42126,517,4
6,5,128,60,62138,42126,517,4
6,5,128,68,62139,42126,517,4
6,5,128,76,62140,42126,517,4
6,5,128,76,62141,42126,517,4
6,5,128,76,62142,42126,517,4
6,5,128,76,62143,42126,517,4
6,5,128,76,62144,42126,517,4
6,5,128,76,62145,42126,517,4
6,5,128,76,62146,42126,517,4
6,5,128,76,62147,42126,517,4
6,5,128,76,62148,42126,517,4
6,5,128,52,9088,42130,517,4
6,5,128,76,62149,42126,517,4
6,5,128,76,62150,42126,517,4
6,5,128,76,62151,42126,517,4
6,5,128,76,62152,42126,517,4
6,5,128,76,62153,42126,517,4
6,5,128,52,25242,42128,65535,4
6,5,128,52,25243,42129,65535,4
6,5,128,76,62154,42126,517,4
6,5,128,76,62155,42126,517,4
6,5,128,76,62156,42126,517,4
6,5,128,52,9089,42130,517,4
6,5,128,68,62157,42126,517,4
6,5,128,60,62158,42126,517,4
6,5,128,68,62159,42126,517,4
6,5,128,40,25244,42129,1024,4
6,5,128,40,25245,42128,1024,4
6,5,128,242,25246,42129,1024,4
6,5,128,242,25247,42128,1024,4
6,5,128,40,9090,42130,517,4
6,5,128,68,62160,42126,517,4
6,5,128,76,62161,42126,517,4
6,5,128,166,9091,42130,517,4
6,5,128,68,62162,42126,517,4
6,5,128,40,35980,42127,512,4
6,5,128,68,62163,42126,517,4
6,5,128,52,25248,42128,1024,4
6,5,128,52,25249,42128,1024,4
6,5,128,40,25250,42129,1024,4
6,5,128,52,25251,42129,1024,4
6,5,128,60,62164,42126,517,4
6,5,128,166,9092,42130,517,4
6,5,128,52,25252,42128,1024,4
6,5,128,52,25253,42129,1019,4
6,5,128,52,62165,42126,517,4
6,5,128,210,9093,42130,516,4
6,5,128,40,9094,42130,517,4
6,5,128,233,9095,42130,517,4
6,5,128,262,33047,42024,517,4
6,5,128,358,33048,42024,517,4
6,5,128,230,9096,42130,512,4
17,5,128,75,45055,4011,55,4
6,5,128,580,33049,42024,517,4
6,5,128,231,9097,42130,517,4
6,5,128,40,25254,42128,1024,4
6,5,128,166,25255,42128,1024,4
6,5,128,127,25256,42128,1024,4
6,5,128,316,25257,42128,1024,4
6,5,128,40,9098,42130,513,4
6,5,128,52,21540,42131,64240,4
6,5,128,40,25258,42128,1022,4
6,5,128,40,25259,42128,1022,4
6,5,128,78,25260,42128,1022,4
17,5,128,76,6606,58924,56,4
17,5,128,76,40945,58924,56,4
6,5,128,40,35981,42127,512,4
6,5,128,52,47809,42132,65535,4
6,5,128,40,47810,42132,1024,4
6,5,128,254,47811,42132,1024,4
17,5,128,65,6607,53453,45,4
6,5,128,52,11868,42133,65535,4
6,5,128,52,11869,42134,65535,4
6,5,128,78,25261,42128,1022,4
6,5,128,40,11870,42133,1024,4
6,5,128,239,11871,42133,1024,4
6,5,128,40,47812,42132,1024,4
6,5,128,133,47813,42132,1024,4
17,5,128,198,59111,53454,178,4
6,5,128,40,11872,42133,1024,4
6,5,128,133,11873,42133,1024,4
6,5,128,519,11874,42133,1024,4
6,5,128,40,21541,42131,517,4
6,5,128,1426,21542,42131,517,4
6,5,128,52,11875,42133,1024,4
6,5,128,52,11876,42133,1024,4
6,5,128,52,11877,42133,1024,4
6,5,128,52,11878,42133,1024,4
6,5,128,52,11879,42133,1024,4
6,5,128,52,11880,42133,1024,4
6,5,128,52,11881,42133,1024,4
6,5,128,52,11882,42133,1024,4
6,5,128,40,21543,42131,516,4
6,5,128,52,25262,42128,1022,4
6,5,128,40,21544,42131,516,4
6,5,128,52,11883,42133,1024,4
6,5,128,52,11884,42133,1024,4
6,5,128,52,11885,42133,1024,4
6,5,128,60,11886,42133,1024,4
6,5,128,40,47814,42132,1023,4
6,5,128,898,47815,42132,1023,4
6,5,128,1354,47816,42132,1023,4
6,5,128,60,11887,42133,1024,4
6,5,128,60,11888,42133,1024,4
6,5,128,60,11889,42133,1018,4
6,5,128,40,47817,42132,1022,4
6,5,128,52,11890,42134,65535,4
6,5,128,60,11891,42133,1024,4
17,5,128,159,45056,53455,139,4
17,5,128,309,45057,53455,289,4
6,5,128,60,11892,42133,1024,4
6,5,128,52,25263,42128,1024,4
6,5,128,68,11893,42133,1024,4
6,5,128,68,11894,42133,1024,4
6,5,128,68,11895,42133,1024,4
6,5,128,68,11896,42133,1024,4
6,5,128,60,11897,42133,1024,4
6,5,128,52,11898,42133,1024,4
6,5,128,52,25264,42128,1024,4
6,5,128,52,25265,42128,1024,4
17,5,128,75,45058,4011,55,4
6,5,128,40,5349,42109,32768,4
6,5,128,40,52070,42112,32651,4
6,5,128,40,14942,42108,32768,4
17,5,128,61,6608,53741,41,4
17,5,128,61,40946,53741,41,4
6,5,128,40,14943,42108,32768,4
6,5,128,52,24054,42135,65535,4
6,5,128,40,24055,42135,32768,4
6,5,128,371,24056,42135,32768,4
6,5,128,40,5350,42109,32768,4
6,5,128,52,24057,42135,32768,4
6,5,128,52,11899,42133,1024,4
6,5,128,40,52071,42112,32651,4
17,5,128,112,42011,54788,92,4
6,5,128,52,24058,42135,32768,4
6,5,128,52,24059,42135,32768,4
6,5,128,40,24060,42135,32768,4
6,5,128,166,24061,42135,32768,4
6,5,128,346,24062,42135,32639,4
6,5,128,40,24063,42135,32310,4
6,5,128,52,11900,42133,1024,4
6,5,128,52,11901,42134,65535,4
6,5,128,40,52072,42112,32651,4
6,5,128,40,11902,42134,1024,4
6,5,128,271,11903,42134,1024,4
6,5,128,40,11904,42134,1024,4
6,5,128,40,11905,42134,1020,4
6,5,128,133,11906,42134,1020,4
6,5,128,40,11907,42134,1020,4
6,5,128,262,33050,42024,517,4
6,5,128,40,21545,42131,516,4
6,5,128,52,25266,42136,65535,4
6,5,128,40,35982,42127,512,4
6,5,128,40,16391,42121,1022,4
6,5,128,40,11908,42133,1024,4
6,5,128,40,11909,42133,1018,4
6,5,128,40,11910,42133,1018,4
6,5,128,40,25267,42136,1024,4
6,5,128,232,25268,42136,1024,4
6,5,128,40,11911,42133,1018,4
6,5,128,52,25269,42136,1024,4
6,5,128,52,25270,42136,1024,4
6,5,128,40,11912,42133,1018,4
6,5,128,52,25271,42136,1024,4
6,5,128,52,25272,42136,1024,4
6,5,128,40,25273,42136,1024,4
6,5,128,166,25274,42136,1024,4
6,5,128,40,25275,42136,1022,4
6,5,128,127,25276,42136,1022,4
6,5,128,78,25277,42136,1022,4
6,5,128,255,25278,42136,1022,4
6,5,128,40,25279,42136,1022,4
6,5,128,52,25280,42136,1022,4
6,5,128,60,25281,42136,1022,4
6,5,128,52,25282,42136,1022,4
6,5,128,60,25283,42136,1022,4
6,5,128,40,11913,42133,1018,4
6,5,128,60,25284,42136,1024,4
6,5,128,60,25285,42136,1024,4
17,5,128,119,63441,64554,99,4
17,5,128,56,6609,56201,36,4
17,5,128,99,63442,56202,79,4
6,5,128,52,25286,42136,1024,4
17,5,128,99,17679,56203,79,4
17,5,128,151,63443,56202,131,4
17,5,128,119,63444,56202,99,4
17,5,128,119,63445,56202,99,4
6,5,128,40,25287,42136,1024,4
6,5,128,40,33051,42027,513,4
6,5,128,262,33052,42024,517,4
17,5,128,67,45059,4011,47,4
6,5,128,40,11914,42133,1018,4
6,5,128,52,62166,42126,516,4
6,5,128,40,21546,42131,516,4
17,5,128,112,42012,54788,92,4
17,5,128,119,63446,56202,99,4
17,5,128,119,63447,56202,99,4
17,5,128,263,63448,56202,243,4
17,5,128,111,63449,56202,91,4
17,5,128,119,63450,56202,99,4
17,5,128,119,63451,56202,99,4
17,5,128,119,63452,56202,99,4
6,5,128,262,33053,42024,517,4
6,5,128,262,33054,42024,517,4
6,5,128,40,35983,42127,0,4
6,5,128,262,33055,42024,517,4
6,5,128,40,11915,42133,1018,4
17,5,128,67,45060,4011,47,4
17,5,128,112,42013,54788,92,4
6,5,128,41,44991,41965,516,4
6,5,128,40,62167,42126,516,4
6,5,128,185,50944,42124,515,4
6,5,128,41,44992,41965,516,4
6,5,128,52,62168,42139,64240,4
6,5,128,40,50945,42124,514,4
6,5,128,41,44993,41965,516,4
6,5,128,52,21962,42140,64240,4
6,5,128,40,21963,42140,517,4
6,5,128,223,21964,42140,517,4
6,5,128,52,21965,42140,517,4
6,5,128,52,21966,42140,517,4
6,5,128,40,21967,42140,517,4
6,5,128,133,21968,42140,517,4
6,5,128,215,21969,42140,516,4
6,5,128,1480,21970,42140,516,4
6,5,128,673,21971,42140,516,4
6,5,128,1480,21972,42140,516,4
6,5,128,40,62169,42139,517,4
6,5,128,223,62170,42139,517,4
6,5,128,41,44994,41965,516,4
17,5,128,119,63453,56202,99,4
6,5,128,40,62171,42139,517,4
6,5,128,166,62172,42139,517,4
6,5,128,40,21973,42140,515,4
6,5,128,262,33056,42024,517,4
17,5,128,60,6610,58890,40,4
6,5,128,41,44995,41965,516,4
6,5,128,169,62173,42139,516,4
6,5,128,40,62174,42139,517,4
6,5,128,40,62175,42139,517,4
6,5,128,52,62176,42139,517,4
6,5,128,60,62177,42139,517,4
6,5,128,60,62178,42139,517,4
6,5,128,68,62179,42139,517,4
6,5,128,68,62180,42139,517,4
6,5,128,76,62181,42139,517,4
6,5,128,76,62182,42139,517,4
6,5,128,76,62183,42139,517,4
6,5,128,76,62184,42139,517,4
6,5,128,76,62185,42139,517,4
6,5,128,76,62186,42139,517,4
6,5,128,76,62187,42139,517,4
6,5,128,76,62188,42139,517,4
6,5,128,76,62189,42139,517,4
6,5,128,76,62190,42139,517,4
17,5,128,60,40947,58890,40,4
6,5,128,76,62191,42139,517,4
6,5,128,76,62192,42139,517,4
6,5,128,76,62193,42139,517,4
6,5,128,76,62194,42139,517,4
6,5,128,76,62195,42139,517,4
6,5,128,76,62196,42139,517,4
6,5,128,76,62197,42139,517,4
6,5,128,262,33057,42024,517,4
17,5,128,112,42014,54788,92,4
6,5,128,76,62198,42139,517,4
6,5,128,76,62199,42139,517,4
6,5,128,76,62200,42139,517,4
17,5,128,83,45061,4011,63,4
17,5,128,75,45062,4011,55,4
17,5,128,75,45063,4011,55,4
17,5,128,60,6611,58890,40,4
17,5,128,75,45064,4011,55,4
17,5,128,75,45065,4011,55,4
17,5,128,75,45066,4011,55,4
17,5,128,75,45067,4011,55,4
6,5,128,262,33058,42024,517,4
6,5,128,40,16392,42121,1022,4
17,5,128,75,45068,4011,55,4
17,5,128,83,45069,4011,63,4
6,5,128,262,33059,42024,517,4
6,5,128,76,62201,42139,513,4
6,5,128,76,62202,42139,513,4
6,5,128,76,62203,42139,517,4
6,5,128,76,62204,42139,513,4
17,5,128,75,45070,4011,55,4
6,5,128,40,11916,42133,0,4
6,5,128,76,62205,42139,513,4
6,5,128,68,62206,42139,513,4
6,5,128,68,62207,42139,513,4
6,5,128,76,62208,42139,513,4
6,5,128,76,62209,42139,513,4
6,5,128,76,62210,42139,513,4
6,5,128,76,62211,42139,513,4
6,5,128,40,21547,42131,516,4
6,5,128,68,62212,42139,517,4
6,5,128,68,62213,42139,517,4
6,5,128,68,62214,42139,517,4
17,5,128,75,45071,4011,55,4
6,5,128,60,62215,42139,517,4
6,5,128,52,62216,42139,517,4
6,5,128,60,62217,42139,517,4
6,5,128,60,62218,42139,517,4
6,5,128,68,62219,42139,517,4
6,5,128,76,62220,42139,517,4
6,5,128,68,62221,42139,517,4
6,5,128,60,62222,42139,517,4
6,5,128,60,62223,42139,517,4
6,5,128,68,62224,42139,517,4
6,5,128,60,62225,42139,517,4
6,5,128,40,33060,42027,517,4
6,5,128,68,62226,42139,517,4
17,5,128,56,6612,55731,36,4
17,5,128,75,45072,4011,55,4
6,5,128,68,62227,42139,515,4
6,5,128,76,62228,42139,515,4
6,5,128,76,62229,42139,515,4
6,5,128,40,25288,42066,1019,4
6,5,128,76,62230,42139,515,4
6,5,128,68,62231,42139,517,4
6,5,128,40,25289,42066,1019,4
6,5,128,1480,33061,42024,517,4
6,5,128,68,62232,42139,516,4
6,5,128,52,47818,42141,65535,4
6,5,128,76,62233,42139,516,4
6,5,128,76,62234,42139,516,4
6,5,128,40,47819,42141,1024,4
6,5,128,254,47820,42141,1024,4
6,5,128,76,62235,42139,516,4
6,5,128,76,62236,42139,516,4
17,5,128,112,42015,54788,92,4
6,5,128,40,47821,42141,1024,4
6,5,128,68,62237,42139,516,4
6,5,128,133,47822,42141,1024,4
6,5,128,133,47823,42141,1024,4
6,5,128,40,47824,42141,1023,4
6,5,128,898,47825,42141,1023,4
6,5,128,1346,47826,42141,1023,4
6,5,128,76,62238,42139,516,4
6,5,128,1480,47827,42141,1023,4
6,5,128,40,47828,42141,1022,4
6,5,128,45,63200,42122,517,4
6,5,128,76,62239,42139,516,4
6,5,128,45,63201,42122,517,4
6,5,128,68,62240,42139,516,4
17,5,255,1275,36187,5353,1255,5
17,5,255,1275,26139,5353,1255,5
17,5,4,333,56088,8975,313,5
17,5,4,342,56089,8975,322,5
17,5,4,389,56090,8975,369,5
17,5,4,387,56091,8975,367,5
17,5,4,399,56092,8975,379,5
17,5,4,397,56093,8975,377,5
17,5,4,333,56102,8975,313,5
17,5,4,342,56103,8975,322,5
17,5,4,389,56104,8975,369,5
17,5,4,387,56105,8975,367,5
17,5,4,399,56106,8975,379,5
17,5,4,397,56107,8975,377,5
6,5,128,52,35992,42073,64240,5
6,5,64,52,0,49152,65535,5
6,5,128,40,35993,42073,513,5
6,5,128,223,35994,42073,513,5
6,5,64,40,26030,49152,1386,5
6,5,64,302,26031,49152,1386,5
6,5,64,1500,26032,49152,1386,5
6,5,128,40,35995,42073,513,5
6,5,64,1182,26033,49152,1386,5
6,5,128,40,35996,42073,508,5
6,5,128,40,35997,42073,508,5
6,5,128,52,35998,42074,64240,5
6,5,64,40,32103,49152,1386,5
6,5,64,52,0,49152,65535,5
6,5,128,40,35999,42074,513,5
6,5,128,242,36000,42074,513,5
6,5,64,40,48308,49152,1386,5
6,5,64,302,48309,49152,1386,5
6,5,64,1500,48310,49152,1386,5
6,5,64,1182,48311,49152,1386,5
6,5,128,40,36001,42074,513,5
6,5,128,40,36002,42074,513,5
6,5,64,40,32109,49152,1386,5
6,5,128,52,36003,42075,64240,5
6,5,64,52,0,49152,65535,5
6,5,128,40,36004,42075,513,5
6,5,128,333,36005,42075,513,5
6,5,64,40,38131,49152,1386,5
6,5,64,302,38132,49152,1386,5
6,5,64,1500,38133,49152,1386,5
6,5,128,40,36006,42075,513,5
6,5,64,1500,38134,49152,1386,5
6,5,64,1398,38135,49152,1386,5
6,5,128,40,36007,42075,513,5
6,5,128,40,36008,42075,513,5
6,5,128,52,36009,42076,64240,5
6,5,64,40,32121,49152,1386,5
6,5,64,52,0,49152,65535,5
6,5,128,40,36010,42076,513,5
6,5,128,458,36011,42076,513,5
6,5,128,340,36012,42076,513,5
6,5,64,40,35503,49152,1386,5
6,5,64,40,35504,49152,1403,5
6,5,64,260,35505,49152,1403,5
6,5,64,1500,35506,49152,1403,5
6,5,64,1500,35507,49152,1403,5
6,5,128,40,36013,42076,513,5
6,5,64,1500,35508,49152,1403,5
6,5,64,868,35509,49152,1403,5
6,5,128,40,36014,42076,513,5
6,5,128,40,36015,42076,513,5
6,5,128,52,36016,42077,64240,5
6,5,64,40,32124,49152,1403,5
6,5,64,52,0,49152,65535,5
6,5,128,40,36017,42077,513,5
6,5,128,264,36018,42077,513,5
6,5,64,40,47567,49152,1386,5
6,5,64,303,47568,49152,1386,5
6,5,64,1500,47569,49152,1386,5
6,5,128,40,36019,42077,513,5
6,5,64,1500,47570,49152,1386,5
6,5,64,1500,47571,49152,1386,5
6,5,64,1500,47572,49152,1386,5
6,5,128,40,36020,42077,513,5
6,5,64,1500,47573,49152,1386,5
6,5,64,1500,47574,49152,1386,5
6,5,64,1500,47575,49152,1386,5
6,5,64,1500,47576,49152,1386,5
6,5,128,40,36021,42077,513,5
6,5,64,1500,47577,49152,1386,5
6,5,64,1500,47578,49152,1386,5
6,5,64,1500,47579,49152,1386,5
6,5,64,1267,47580,49152,1386,5
6,5,128,40,36022,42077,513,5
6,5,128,40,36023,42077,513,5
6,5,64,40,32133,49152,1386,5
6,5,128,52,36024,42078,64240,5
6,5,64,52,0,49152,65535,5
6,5,128,40,36025,42078,513,5
6,5,128,259,36026,42078,513,5
6,5,64,40,61375,49152,1386,5
6,5,64,303,61376,49152,1386,5
6,5,64,1500,61377,49152,1386,5
6,5,64,1500,61378,49152,1386,5
6,5,64,1500,61379,49152,1386,5
6,5,64,1500,61380,49152,1386,5
6,5,64,1500,61381,49152,1386,5
6,5,128,40,36027,42078,513,5
6,5,64,1500,61382,49152,1386,5
6,5,64,1500,61383,49152,1386,5
6,5,64,1500,61384,49152,1386,5
6,5,64,1500,61385,49152,1386,5
6,5,64,1500,61386,49152,1386,5
6,5,64,308,61387,49152,1386,5
6,5,128,40,36028,42078,513,5
6,5,128,40,36029,42078,513,5
6,5,64,40,32145,49152,1386,5
6,5,128,52,36030,42080,64240,5
6,5,64,52,0,49152,65535,5
6,5,128,40,36031,42080,513,5
6,5,128,223,36032,42080,513,5
6,5,64,40,35046,49152,1386,5
6,5,64,302,35047,49152,1386,5
6,5,64,1500,35048,49152,1386,5
6,5,64,1182,35049,49152,1386,5
6,5,128,40,36033,42080,513,5
6,5,128,40,36034,42080,513,5
6,5,128,52,36035,42081,64240,5
6,5,64,40,32198,49152,1386,5
6,5,64,52,0,49152,65535,5
6,5,128,40,36036,42081,513,5
6,5,128,242,36037,42081,513,5
6,5,64,40,37136,49152,1386,5
6,5,64,302,37137,49152,1386,5
6,5,128,40,36038,42081,512,5
6,5,64,1500,37138,49152,1386,5
6,5,64,1182,37139,49152,1386,5
6,5,128,40,36039,42081,513,5
6,5,128,40,36040,42081,513,5
6,5,64,40,32204,49152,1386,5
6,5,128,52,36041,42082,64240,5
6,5,64,52,0,49152,65535,5
6,5,128,40,36042,42082,513,5
6,5,128,333,36043,42082,513,5
6,5,64,40,20875,49152,1386,5
6,5,64,302,20876,49152,1386,5
6,5,64,1500,20877,49152,1386,5
6,5,128,40,36044,42082,513,5
6,5,64,1500,20878,49152,1386,5
6,5,64,1398,20879,49152,1386,5
6,5,128,40,36045,42082,513,5
6,5,128,40,36046,42082,513,5
6,5,128,52,36047,42083,64240,5
6,5,64,40,32207,49152,1386,5
6,5,64,52,0,49152,65535,5
6,5,128,40,36048,42083,513,5
6,5,128,458,36049,42083,513,5
6,5,128,340,36050,42083,513,5
6,5,64,40,44341,49152,1386,5
6,5,64,40,44342,49152,1403,5
6,5,64,260,44343,49152,1403,5
6,5,64,1500,44344,49152,1403,5
6,5,128,40,36051,42083,513,5
6,5,64,1500,44345,49152,1403,5
6,5,64,1500,44346,49152,1403,5
6,5,64,868,44347,49152,1403,5
6,5,128,40,36052,42083,513,5
6,5,128,40,36053,42083,513,5
6,5,128,52,36054,42084,64240,5
6,5,64,40,32210,49152,1403,5
6,5,64,52,0,49152,65535,5
6,5,128,40,36055,42084,513,5
6,5,128,264,36056,42084,513,5
6,5,64,40,53838,49152,1386,5
6,5,64,303,53839,49152,1386,5
6,5,64,1500,53840,49152,1386,5
6,5,64,1500,53841,49152,1386,5
6,5,64,1500,53842,49152,1386,5
6,5,64,1500,53843,49152,1386,5
6,5,64,1500,53844,49152,1386,5
6,5,64,1500,53845,49152,1386,5
6,5,64,1500,53846,49152,1386,5
6,5,64,1500,53847,49152,1386,5
6,5,64,1500,53848,49152,1386,5
6,5,128,40,36057,42084,513,5
6,5,64,1500,53849,49152,1386,5
6,5,64,1500,53850,49152,1386,5
6,5,64,1267,53851,49152,1386,5
6,5,128,40,36058,42084,513,5
6,5,128,40,36059,42084,513,5
6,5,64,40,32220,49152,1386,5
6,5,128,52,36060,42085,64240,5
6,5,64,52,0,49152,65535,5
6,5,128,40,36061,42085,513,5
6,5,128,259,36062,42085,513,5
6,5,64,40,50307,49152,1386,5
6,5,64,303,50308,49152,1386,5
6,5,64,1500,50309,49152,1386,5
6,5,128,40,36063,42085,513,5
6,5,64,1500,50310,49152,1386,5
6,5,64,1500,50311,49152,1386,5
6,5,64,1500,50312,49152,1386,5
6,5,64,1500,50313,49152,1386,5
6,5,64,1500,50314,49152,1386,5
6,5,64,1500,50315,49152,1386,5
6,5,64,1500,50316,49152,1386,5
6,5,128,40,36064,42085,513,5
6,5,64,1500,50317,49152,1386,5
6,5,128,40,36065,42085,513,5
6,5,64,1500,50318,49152,1386,5
6,5,64,308,50319,49152,1386,5
6,5,128,40,36066,42085,513,5
6,5,128,40,36067,42085,513,5
6,5,64,40,32226,49152,1386,5
17,5,4,528,56144,1900,508,5
17,5,64,528,12271,39891,508,5
17,5,4,567,56145,1900,547,5
17,5,64,567,12272,39891,547,5
17,5,4,584,56146,1900,564,5
17,5,64,584,12273,39891,564,5
17,5,255,1275,36502,5353,1255,5
17,5,255,1275,26539,5353,1255,5
17,5,255,1275,36568,5353,1255,5
17,5,255,1275,26803,5353,1255,5
17,5,255,1275,36906,5353,1255,5
17,5,255,1275,27027,5353,1255,5
17,5,4,528,56466,1900,508,5
17,5,64,528,13408,39891,508,5
17,5,4,567,56467,1900,547,5
17,5,64,567,13409,39891,547,5
17,5,4,584,56468,1900,564,5
17,5,64,584,13410,39891,564,5
17,5,255,1275,37227,5353,1255,5
17,5,255,1275,27098,5353,1255,5
17,5,255,1275,37592,5353,1255,5
17,5,255,1275,27146,5353,1255,5
17,5,64,567,13663,39891,547,5
17,5,4,584,56650,1900,564,5
17,5,64,584,13664,39891,564,5
17,5,4,174,56667,39400,154,5
17,5,4,174,56669,39400,154,5
17,5,4,174,56681,39400,154,5
17,5,4,174,56683,39400,154,5
17,5,255,1275,37680,5353,1255,5
17,5,255,1275,27295,5353,1255,5
17,5,255,1275,37995,5353,1255,5
17,5,255,1275,27638,5353,1255,5
17,5,4,528,56978,1900,508,5
17,5,64,528,14512,39891,508,5
17,5,4,567,56979,1900,547,5
17,5,4,584,56980,1900,564,5
17,5,64,584,14514,39891,564,5
17,5,255,1275,38294,5353,1255,5
17,5,255,1275,27654,5353,1255,5
17,5,255,1275,38356,5353,1255,5
17,5,4,528,57608,1900,508,5
17,5,64,528,14650,39891,508,5
17,5,4,567,57609,1900,547,5
17,5,64,567,14651,39891,547,5
17,5,4,584,57610,1900,564,5
17,5,64,584,14652,39891,564,5
17,5,4,353,57676,53769,333,5
17,5,4,409,57679,48016,389,5
17,5,4,362,57680,35525,342,5
17,5,4,419,57681,54940,399,5
17,5,4,407,57682,54043,387,5
17,5,4,417,57685,44193,397,5
17,5,4,353,57686,42116,333,5
17,5,4,409,57687,37956,389,5
17,5,255,1275,38375,5353,1255,5
17,5,255,1275,27788,5353,1255,5
17,5,4,362,57688,55046,342,5
17,5,4,419,57689,45765,399,5
17,5,4,407,57692,51597,387,5
17,5,4,417,57693,46984,397,5
17,5,4,353,57695,33794,333,5
17,5,4,409,57696,55332,389,5
17,5,4,362,57699,33724,342,5
17,5,4,419,57701,35081,399,5
17,5,4,407,57702,42725,387,5
17,5,4,417,57704,53695,397,5
17,5,4,353,57708,52674,333,5
17,5,4,409,57711,39459,389,5
17,5,4,362,57712,45083,342,5
17,5,4,419,57713,54754,399,5
17,5,4,407,57716,60220,387,5
17,5,4,417,57719,50881,397,5
17,5,4,528,57833,1900,508,5
17,5,64,528,14993,39891,508,5
17,5,4,567,57834,1900,547,5
17,5,64,567,14994,39891,547,5
17,5,4,584,57835,1900,564,5
17,5,64,584,14995,39891,564,5
17,5,255,1275,38703,5353,1255,5
17,5,255,1275,27909,5353,1255,5
17,5,255,1275,38867,5353,1255,5
17,5,255,1275,28029,5353,1255,5
17,5,255,1275,39075,5353,1255,5
17,5,255,1275,28213,5353,1255,5
17,5,4,528,58398,1900,508,5
17,5,64,528,15780,39891,508,5
17,5,4,567,58399,1900,547,5
17,5,64,567,15781,39891,547,5
17,5,4,584,58400,1900,564,5
17,5,64,584,15782,39891,564,5
17,5,255,1275,39092,5353,1255,5
17,5,255,1275,28285,5353,1255,5
17,5,255,1275,39218,5353,1255,5
17,5,255,1275,28385,5353,1255,5
17,5,4,528,58454,1900,508,5
17,5,64,528,15893,39891,508,5
17,5,4,567,58455,1900,547,5
17,5,64,567,15894,39891,547,5
17,5,4,584,58456,1900,564,5
17,5,64,584,15895,39891,564,5
2,6,1,32,0,0,0,5
17,5,255,1275,39339,5353,1255,5
2,6,1,32,0,0,0,5
17,5,255,1275,39620,5353,1255,5
17,5,4,528,58522,1900,508,5
17,5,64,528,16432,39891,508,5
17,5,4,567,58523,1900,547,5
17,5,64,567,16433,39891,547,5
17,5,4,584,58524,1900,564,5
17,5,64,584,16434,39891,564,5
17,5,255,1275,39825,5353,1255,5
17,5,255,1275,29330,5353,1255,5
17,5,255,1275,40056,5353,1255,5
17,5,255,1275,29435,5353,1255,5
17,5,4,528,58641,1900,508,5
17,5,64,528,16737,39891,508,5
17,5,4,567,58642,1900,547,5
17,5,64,567,16738,39891,547,5
17,5,4,584,58643,1900,564,5
17,5,64,584,16739,39891,564,5
17,5,255,1275,40355,5353,1255,5
17,5,255,1275,29558,5353,1255,5
17,5,255,75,29758,5353,55,5
17,5,255,82,29759,5353,62,5
17,5,255,1275,40616,5353,1255,5
17,5,255,1275,29839,5353,1255,5
17,5,4,528,58798,1900,508,5
17,5,64,528,16956,39891,508,5
17,5,4,567,58799,1900,547,5
17,5,64,567,16957,39891,547,5
17,5,4,584,58800,1900,564,5
17,5,64,584,16958,39891,564,5
17,5,255,1275,40971,5353,1255,5
17,5,255,1275,30201,5353,1255,5
17,5,255,1275,41315,5353,1255,5
17,5,255,1275,30500,5353,1255,5
17,5,64,49,41324,60000,29,5
17,5,64,49,41325,60000,29,5
17,5,64,49,41326,60000,29,5
17,5,64,49,41327,60000,29,5
17,5,64,49,41328,60000,29,5
17,5,64,49,41329,60000,29,5
17,5,64,49,41330,60000,29,5
17,5,64,49,41331,60000,29,5
17,5,64,49,41332,60000,29,5
17,5,64,49,41333,60000,29,5
17,5,4,528,58868,1900,508,5
17,5,64,528,17485,39891,508,5
17,5,4,567,58869,1900,547,5
17,5,64,567,17486,39891,547,5
17,5,4,584,58870,1900,564,5
17,5,64,584,17487,39891,564,5
17,5,255,1275,41596,5353,1255,5
17,5,255,1275,30638,5353,1255,5
17,5,255,1275,41682,5353,1255,5
17,5,255,1275,41893,5353,1255,5
17,5,255,1275,31133,5353,1255,5
17,5,4,528,59261,1900,508,5
17,5,64,528,18209,39891,508,5
17,5,4,567,59262,1900,547,5
17,5,64,567,18210,39891,547,5
17,5,4,584,59263,1900,564,5
17,5,64,584,18211,39891,564,5
17,5,4,174,59382,39400,154,5
17,5,4,174,59385,39400,154,5
17,5,4,174,59392,39400,154,5
17,5,4,174,59395,39400,154,5
17,5,255,1275,42202,5353,1255,5
17,5,255,1275,42483,5353,1255,5
17,5,4,528,59910,1900,508,5
17,5,64,528,18965,39891,508,5
17,5,4,567,59911,1900,547,5
17,5,64,567,18966,39891,547,5
17,5,4,584,59912,1900,564,5
17,5,64,584,18967,39891,564,5
17,5,255,1275,42688,5353,1255,5
17,5,4,333,60487,8975,313,5
17,5,4,342,60488,8975,322,5
17,5,4,389,60489,8975,369,5
17,5,4,387,60490,8975,367,5
17,5,4,399,60491,8975,379,5
17,5,4,397,60492,8975,377,5
17,5,4,389,60498,8975,369,5
17,5,4,387,60499,8975,367,5
17,5,4,399,60500,8975,379,5
17,5,4,397,60501,8975,377,5
17,5,255,1275,42883,5353,1255,5
17,5,255,1275,31979,5353,1255,5
17,5,255,1275,42894,5353,1255,5
17,5,255,1275,32368,5353,1255,5
17,5,4,528,60930,1900,508,5
17,5,64,528,19500,39891,508,5
17,5,4,567,60931,1900,547,5
17,5,64,567,19501,39891,547,5
17,5,4,584,60932,1900,564,5
17,5,64,584,19502,39891,564,5
17,5,255,1275,43097,5353,1255,5
17,5,255,1275,32709,5353,1255,5
17,5,4,528,61208,1900,508,5
17,5,64,528,19972,39891,508,5
17,5,4,567,61209,1900,547,5
17,5,64,567,19973,39891,547,5
17,5,64,584,19974,39891,564,5
17,5,255,1275,43183,5353,1255,5
17,5,255,1275,32770,5353,1255,5
17,5,255,1275,43401,5353,1255,5
17,5,255,1275,32892,5353,1255,5
17,5,4,528,61586,1900,508,5
17,5,64,528,20462,39891,508,5
17,5,4,567,61587,1900,547,5
17,5,64,567,20463,39891,547,5
17,5,4,584,61588,1900,564,5
17,5,64,584,20464,39891,564,5
17,5,255,1275,43791,5353,1255,5
17,5,255,1275,33162,5353,1255,5
17,5,255,1275,43920,5353,1255,5
17,5,255,1275,33199,5353,1255,5
17,5,4,353,62136,36908,333,5
17,5,4,409,62138,38116,389,5
17,5,4,362,62139,43644,342,5
17,5,4,419,62141,38523,399,5
17,5,4,407,62143,60377,387,5
17,5,4,417,62145,40340,397,5
17,5,4,353,62148,48990,333,5
17,5,4,362,62155,35974,342,5
17,5,4,419,62157,45226,399,5
17,5,4,407,62158,51725,387,5
17,5,4,417,62159,43963,397,5
17,5,4,353,62161,35630,333,5
17,5,4,362,62164,43546,342,5
17,5,4,419,62166,59690,399,5
17,5,4,407,62167,41283,387,5
17,5,4,417,62171,37411,397,5
17,5,255,1275,44001,5353,1255,5
17,5,255,1275,33406,5353,1255,5
17,5,4,353,62172,60458,333,5
17,5,4,409,62173,48865,389,5
17,5,4,362,62175,52784,342,5
17,5,4,419,62178,37082,399,5
17,5,4,407,62181,46160,387,5
17,5,4,417,62182,39306,397,5
17,5,4,528,62220,1900,508,5
17,5,64,528,20696,39891,508,5
17,5,4,567,62221,1900,547,5
17,5,64,567,20697,39891,547,5
17,5,4,584,62222,1900,564,5
17,5,64,584,20698,39891,564,5
17,5,255,1275,44075,5353,1255,5
17,5,255,1275,33687,5353,1255,5
17,5,4,528,62589,1900,508,5
17,5,64,528,20974,39891,508,5
17,5,4,567,62590,1900,547,5
17,5,64,567,20975,39891,547,5
17,5,4,584,62591,1900,564,5
17,5,64,584,20976,39891,564,5
17,5,255,1275,44324,5353,1255,5
17,5,255,1275,33961,5353,1255,5
17,5,255,1275,44366,5353,1255,5
17,5,255,1275,34248,5353,1255,5
17,5,4,528,62819,1900,508,5
17,5,64,528,21300,39891,508,5
17,5,4,567,62820,1900,547,5
17,5,64,567,21301,39891,547,5
17,5,4,584,62821,1900,564,5
17,5,64,584,21302,39891,564,5
17,5,255,1275,44644,5353,1255,5
